iter,nmi,vmea,ari,loss
0,0.84163,0.84086,0.70602,0.0
0,-2e-05,-0.0,0.0,0.0
