iter,nmi,vmea,ari,loss
0,0.94937,0.94937,0.94533,0.0
0,-2e-05,-0.0,0.0,0.0
0,-2e-05,-0.0,0.0,0.0
